[Header],,,,,,
Date,8/24/2017,,,,,
Workflow,GenerateFASTQ,,,,,
Assay,TruSeq HT,,,,,
Index Kit,IDT-ILMN TruSeq DNA-RNA UD 96 Indexes,,,,,
Description,,,,,,
Chemistry,Amplicon,,,,,
,,,,,,
[Reads],,,,,,
151,,,,,,
151,,,,,,
,,,,,,
[Settings],,,,,,
Adapter,AGATCGGAAGAGCACACGTCTGAACTCCAGTCA,,,,,
AdapterRead2,AGATCGGAAGAGCGTCGTGTAGGGAAAGAGTGT,,,,,
,,,,,,
[Data],,,,,,
Sample_ID,Sample_Name,Index_Plate_Well,I7_Index_ID,index,I5_Index_ID,index2
1,A01,A01,UDI0001,CTAGCGCT,UDI0001,AACCGCGG
2,B01,B01,UDI0013,TCATCCTT,UDI0013,AGACTTGG
3,C01,C01,UDI0025,CCGCGGTT,UDI0025,ATCTTAGT
4,D01,D01,UDI0037,CCAAGTCT,UDI0037,CACTACGA
5,E01,E01,UDI0049,ACTAAGAT,UDI0049,CGAGATAT
6,F01,F01,UDI0061,TCGTAGTG,UDI0061,CAGTTCCG
7,G01,G01,UDI0073,ATATCTCG,UDI0073,GTTAATTG
8,H01,H01,UDI0085,CGGAACTG,UDI0085,TATAACCT
9,A02,A02,UDI0002,TCGATATC,UDI0002,GGTTATAA
10,B02,B02,UDI0014,CTGCTTCC,UDI0014,GAGTCCAA
11,C02,C02,UDI0026,TTATAACC,UDI0026,GCTCCGAC
